message,image,user
Congratulations to our most cherished and loved PP Tenshi! Words cannot describe how much we're happy for you Kanatan! ðŸ’«,,ZXEtherlite
"Congratulations Kanatan! I love your streams, precious gorillangel.",,
Thank you for providing us great content to watch. :D,,Lorina
Congratulations on 1 Million Subscribers!!! I look forward to more streams in the future!!,,Alex Wingace
Congratulations! You win the Internet. Your prize is 1 Power Point!,,Drothic
Omedetou Kanatan!!!! Thank you for everything you have done for the Heimin and Hololive!,,Alphy7
"Congrats on 1m SUBS :)
Keep up the good work,love u <3",,Senpai
"hyakku man ni omedetougozaimasuuuuuuuu
KMG Kanata Maji Gori yeaaaahhhh",,äººèª…
"ã‹ãªãŸã‚“ã€100ä¸‡äººç™»éŒ²è€…æ•°çªç ´ãŠã‚ã§ã¨ã†ï¼
ã„ã¤ã‚‚æœ€é«˜ã®æ™‚é–“ã‚ã‚ŠãŒã¨ã†
ã‚¤ã‚¿ãƒªã‚¢ã‹ã‚‰æ„›ã—ã¦ã‚‹ã‚ˆï¼<3",,Marty (ã‚¹ã‚±ãƒ«ãƒˆãƒ³ãƒžãƒ¼ãƒ†ã‚£)
Congrats on 1 million!,,wrsw
Congratulation kanata~ thank you for being your best everyday!! wish you the best in the future as well~,,Riri
"Omedetto, congratulations on 1 million subscribers!",,Teh_U
100ä¸‡äººç™»éŒ²ãŠã‚ã§ã¨ã†ã”ã–ã„ã¾ã™.,,ã‚¯ãƒ­ã‚«ãƒŸ
Congratulations on 1 million subscribers! ç™¾ä¸‡äººãŠã‚ã§ã¨ã†ï¼Watching you for the past year has been so much fun. I always look forward to your streams and have a great time with each one. Thank you for all your hard work so far! ,,Wibbs8
"Hey ! Konkanata ! 1mil Subs, omedetou. Kanatan no haishin sugoku tanoshikatta !!!",,antonpd
Congratulations on the 1 Million PPTenshiGorilla!!! Stay sweet and awesome!!! (ï½¡ï½¥Ï‰ï½¥ï½¡)ï¾‰â™¡ã‚¹ã‚­,,Ducky
"Congratulations on 1 million subscribers! Your streams brighten up my day! I'm excited for what you have planned for us, but never forget to try new things and more importantly,  be yourself when doing so. Onwards to the future next milestones together ~",,Takareaperchama
"Congratulation on 1Million Subscribers!!!
Thank you being a persistent angel, looking forward for future stream and concerts! ðŸ’«",,GEN
"Congratulations on 1,000,000!",,Keaton
Thank you so much for all your work Kanatan!!!! â¤,,ã‚·ãƒ©ã‚¤
"ç™¾ä¸‡ã‚µãƒ–ãŠã‚ã§ã¨ã†ã”ã–ã„ã¾ã™ãƒ¼ï¼ã„ã¤ã‚‚é ‘å¼µã£ã¦æœ¬å½“ã«ã‚ã‚ŠãŒã¨ã†ã”ã–ã„ã¾ã™ï¼Congratulations on 1 million subscribers! As always, thank you for all your hard work!",,cathArc
Congratulations to our favorite virtual gorillaâ¤ ðŸ¦,,Snail
Congratulations!!! I love your singing!!! ã“ã‚Œã‹ã‚‰ã‚‚å¿œæ´ã—ã¦ã„ã¾ã™!!!,,tabloomoo
Kanatan! Congratulations for 1 million subscribers!!ðŸŽ‰ðŸŽŠ I became a Heimin on your birthday! I will try my best to support you and get a membership someday! Thanks for streaming and being in Hololive!!!ðŸ’™ðŸ’™ðŸ’™,,ãã¿ãˆTY
"ã‹ãªãŸã•ã‚“ã¸
100ä¸‡ãŠã‚ã§ã¨ã†ã”ã–ã„ã¾ã™!
ãšã£ã¨ã‹ãªãŸã•ã‚“ã‚’è¦‹ã¦ãã¾ã—ãŸã‹ã‚‰
ã‹ãªãŸã•ã‚“ã®åŠªåŠ›ã€æ‚²ã—ã¿ã€å„ªã—ã•ã€ç¬‘é¡”ã€å…¨éƒ¨è¦‹ã¦ãã¾ã—ãŸ
ã„ã¤ã‚‚è‡ªåˆ†ã®èƒ½åŠ›ã§é ‘å¼µã£ã¦ã‚‹ã®å‰ã„ï¼
ã¸ã„æ°‘ã«ãªã£ã¦è‰¯ã‹ã£ãŸã§ã™
ã“ã‚Œã‹ã‚‰ã‚‚å¿œæ´ã—ã¦ã„ã¾ã™
ç§ã«ã¨ã£ã¦ã€ã‹ãªãŸã•ã‚“ã¯ã‚¢ã‚¤ãƒ‰ãƒ«
ã„ã¤ã‹ã‹ãªãŸã•ã‚“ã¿ãŸã„ã«ãªã‚ŠãŸã„
ä¸‹æ‰‹ããã®æ—¥æœ¬èªžãªã®ã«ã€ã“ã®æ°—æŒã¡ä¼ã‚ã‚ŠãŸã„ï¼
ã‹ãªãŸã•ã‚“ã€ãŠå¤§äº‹ã«ã—ã¦ãã ã•ã„
ã‹ãªãŸã•ã‚“ã®å¹¸ã›ã‚’ç¥ˆã‚Šã¾ã™",,æž—ç­±å©·
Coagulation on 1 million subscribers. I will keep supporting you from now.,,Keishima
"Kanata, congratulations on 1 million subscribers!!! 100ä¸‡äººãŠã‚ã§ã¨ã”ã–ã„ã¾ã™ï¼ï¼ï¼ May the journey ahead be just as fun!!! ã“ã‚Œã‹ã‚‰ã‚‚ã‚ˆã‚ã—ãã­ï¼ã„ã¤ã‚‚å¿œæ´ã—ã¾ã™ï¼ï¼ï¼",,Rex
"Your grip is strong, your heart is stronger. Congratulations Kanata!",,AncroKT
kanatan!!! congratulations on reaching 1 million subscribers! I hope you can reach more people as you grow even more and become more popular! ãŠã‚ã§ã¨ã†ã”ã–ã„ã¾ã™ï¼ï¼ï¼,,lostweeb_
"ã‹ãªãŸã€€ç™¾ä¸‡äººç™»éŒ²ãŠã‚ã§ã¨ã†ã”ã–ã„ã¾ã™ï¼
1 million subs congratulation Kanata! Its been a long time since I started watch Kanataâ€™s stream. I really enjoy Kanataâ€™s streams and songs. Iâ€™ll keep supporting you no matter what. Heimin will always be with you 
ã“ã‚Œã‹ã‚‰ã‚‚å¿œæ´ã—ã¾ã™ï¼ ã©ã†ãžã‚ˆã‚ã—ããŠé¡˜ã„ã—ã¾ã™",,LaoL
Thank you for your hard work! Keep on flying high! Precious Powerful Tenshi!!! ,,Haseo
Congrats on 1 million. Thank you for your streams and hard work. Looking forward to your future projects. ,,Sneaks
"Dear Kanata-san, thank you for being there for the other Hologirls when they needed the support the most. Please continue to be the most kind-hearted and inspirational angel that all Heimins love and support. 

Congrats on 1M subscribers!!",,BT DD
"100ä¸‡äººãŠã‚ã§ã¨ã†ã”ã–ã„ã¾ã™ï¼Congratulations on reaching 1 million! Always love to watch your streams and singing. Hope you reach all your milestones, goals, and so much more. é ‘å¼µã£ã¦ãã ã•ã„ï¼",,KB
Happy 1 Million subs Kanata-chan Thank you for all your hard work! Never ever think that you're not working hard enough because you have been giving it your all ever since keep smiling stay positive and we'll be there for you whenever needed. Stay strong mentally and physically wwwwwww. We love you Kanata.,,Mist
Congrats!,,Zhev
"Congratulations on the massive 1 million subscribers and keep it up with this great content, much love from the Netherlands.",,DutchCat 
Congratulations for 1Million Subscribers! I have been watching since debut and it is nice to see you finally reach this high!,,DavidDehGoo
KMTï¼ï¼ï¼ã‹ãªãŸã‚“ãƒžã‚¸å¤©ä½¿ï¼ï¼ï¼,,pnn_ã®ã§ã‚‹
Thank you for everything you do! You are awesome and inspiring. I really like your content!,,Daine Smith
"Dear angelic Amane Kanata, Thank you for everything :) I wish you all the best of anything you try to do next! Also wish you a happy, safe time with all your friends (especially with your dear dragon).",,DCDNeo
"Congratulations on 1 million subscribers, Kanata! You have brought much happiness to people from across the world and we will continue to support you no matter what. I really hope that you can achieve your goals and dreams one day. Keep doing what you love and don't forget to take good care of yourself! ðŸ’™",,The Unknown
Thank you for everything Kanata ! I will keep cheering and loving you ! ,,Stanick
(DeepL) ãƒãƒ£ãƒ³ãƒãƒ«ç™»éŒ²è€…æ•°100ä¸‡äººé”æˆãŠã‚ã§ã¨ã†ã”ã–ã„ã¾ã™ã€‚ä»Šå¾Œã®ã•ã‚‰ãªã‚‹æ´»èºã‚’é¡˜ã£ã¦    From a fan from the UK <3,,BeanBun
100ä¸‡ãŠã‚ã§ã¨ã†ï¼ã„ã¤ã‚‚é¢ç™½ã„é…ä¿¡ã‚’ã—ã¦å¯æ„›ãã¦ã‹ã£ã“ã„ã„ã‹ãªãŸã‚“ãŒå¥½ã!,,adamatari
ã‚¨ã‚¹ãƒˆãƒ‹ã‚¢ã‹ã‚‰ã®ãƒãƒƒãƒ”ãƒ¼100ä¸‡ã‚µãƒ–ã‚¹ã‚¯ãƒªãƒ—ã‚·ãƒ§ãƒ³!!!,https://drive.google.com/uc?id=1phC5JOoUaTZY4M2aF7ZyIhtaQtYAdFpE,Nihil
"Congratulations on 1 million subscribers! We love you, ganbatte PPTenshi!!!",,V
"ãƒ‰ã‚¤ãƒ„ã‹ã‚‰100ä¸‡ãŠã‚ã§ã¨ã†ï¼
ã„ã¤ã‚‚é…ä¿¡ã‚’è¦‹ã‚‹ãŸã³ã«ã‚ã¡ã‚ƒã‚ã¡ã‚ƒæ¥½ã—ã„ã ã‚ˆã­ã‡ãƒ¼ã€‚
ãã‚Œã‚‚ã‹ã£ã“ã„ã¨å¯æ„›ã„ãªå£°ãŒæŒã¤ï½žâ˜†å½¡
é…ä¿¡ã‚’ã‚ã‚ŠãŒã¨ã†ã”ã–ã„ã¾ã™ã€‚",,s0LA
"Congratulations Kanatan. I hope that you continue to enjoy being our precious tenshi to us, your fans. Remember to always be happy.",,Steve Mamalayan
Kanata 1 Million Subscribers Congratulations :3,,
100ä¸‡äººï¼³ï½•ï½‚ãŠã‚ã§ã¨ã†ã”ã–ã„ã¾ã™!!! ã‚¤ãƒ³ãƒ‰ãƒã‚·ã‚¢ã‹ã‚‰ã®æ¸©ã‹ã„ã”æŒ¨æ‹¶!!! Much much love from Indonesia!!!,,ã‚¤ãƒ«ãƒ€ãƒ³
"Congrats Kanata on 1 million subscribers. Thank you for your hard work to achieve all of this.  We Heimin wish you the best.  Hope you are always healthy and keep the spirit to entertain us. Once again, thank you.",,Randy Nasuta
"Kanata-san congratulations on your 1 million subscribers, thank you for always doing your best.",,
Well done making it this far!! We both know this is not your limit!! Go beyond your limit!!,,Kamasutraspirit
"Kanatan.Congrat for reach 1milion subscribers.I really happy for you and Heimin Family.When I feel very sad about my life,watch yours stream is help me a lots.I hope your channel will be more success and I hope you will be a happy tenshi forever.Arigathank Kanatan and congratulation.
From a Heimin in Betonamu(VietNam)(*â˜»-â˜»*)",,T.Nghia
"Congratulations. I really like your singing style, it's like you want to tell the others ""This is me and my feeling"", specially your latest supercell cover. You have your own charm, singing all out with your feeling, that really give mark to my heart. I hope the best for you in the future, don't stop to singing with your own style. 
From one of your Indonesian Fans.",,Hery-Yadi
"Congratulations on 1M subs Kanatan!!! We know how hard you have worked since debut, and this milestone is your deserved achievement. May our Perfect Pitch Tenshi's channel grow even larger from here on!!!",,Hfixdu
"Congrats on 1M subscribers Kanatan!! ðŸ¥³
I will keep supporting you in the future!! ðŸ¥³",,SGRin
"Kanatan, I'm happy to have spent the time watching your streams whenever I could. You always brightened my day everyday. I've always had a fun time watching your streams.
Don't ever give up Kanatan, anything could happen but you need to stay strong! You can go through everything easily!

I wish you the best and I will continue to support you always. From day one, we've seen how hard you've worked to reach this point, keep fighting and be creative and never give up!!!
é ‘å¼µã£ã¦ã­! ã ã£ã¦ã‚ãªãŸã¯ä¿ºã®ã‹ãªãŸãŒ!!",,Vando
ãƒãƒ£ãƒ³ãƒãƒ«ç™»éŒ²è€…æ•°100ä¸‡äººé”æˆãŠã‚ã§ã¨ã†ã”ã–ã„ã¾ã™ã€‚ã“ã‚Œã‹ã‚‰ã‚‚é ‘å¼µã£ã¦ã€å¥åº·ã‚’å¿˜ã‚Œãšã«ã€‚ã‚¤ãƒ³ãƒ‰ãƒã‚·ã‚¢ã®ãƒã‚¤ãƒŸãƒ³ã‹ã‚‰æ„›ã—ã¦ã„ã¾ã™ã€‚æ—¥æœ¬èªžãŒä¸‹æ‰‹ã ã£ãŸã‚‰ã”ã‚ã‚“ãªã•ã„,,Rezky Fachri Nouval
KANATA ãŠã‚ã§ã¨ã†!!! 100ä¸‡ SUB SUPER STRONG ANGEL! å…ƒæ°—ALWAYS!! - Kaigainiki,,æœ¨ãŒå¥½ãã•ã‚“
ã‚«ãƒŠã‚¿ã•ã‚“ã€1mè³¼èª­è€…ãŠã‚ã§ã¨ã†ã”ã–ã„ã¾ã™ã€‚ç§ã‚‚ã„ã¤ã‹ã¯ã‹ãªãŸã•ã‚“ã®ã‚ˆã†ã«å¼·ããªã‚ŠãŸã„ã¨æ€ã„ã¾ã™ã€‚ã“ã‚Œã‹ã‚‰ã‚‚å¯æ„›ã„ãƒ‰ãƒ©ã‚´ãƒ³ã‚’ã‚ˆã‚ã—ããŠé¡˜ã„ã—ã¾ã™ã€‚ãã—ã¦ã€ã“ã‚Œã‹ã‚‰ã‚‚é…ä¿¡ã‚’æ¥½ã—ã¿ã«ã—ã¦ã„ã¾ã™ã€‚ãŠç–²ã‚Œæ§˜ã§ã—ãŸã€ã‚ã‚ŠãŒã¨ã†ã”ã–ã„ã¾ã—ãŸã€‚,,Nyx The Gamer
"Hello Kanatan! All I want to say is ""I love you""! The first time I watched your streams...that was the same very moment that I began to notice your charm.

I'm not that fluent in Japanese however I wish that my feelings will reach you! Thank you also for being a good friend and family to Coco Kaichou and the rest. That's very admirable of you!

Congrats for reaching 1M subs, PPTenshi! Stay confident! Stay smiling! Stay the way you are.

You're my only PPT...and will always be! âœ¨",,Azuri Q
ã“ã‚“ã«ã¡ã¯ã‹ãªãŸã‚“.... 100ä¸‡äººã®åŠ å…¥è€…ã«åˆ°é”ã—ãŸã“ã¨ã‚’ãŠã‚ã§ã¨ã†ã”ã–ã„ã¾ã™!!! ã€‚ã“ã®å¾Œã€ã‚ãªãŸã®é—˜äº‰ã¯ã¾ã™ã¾ã™éšœå®³ã«ãªã‚Šã¾ã™ãŒã€ç§ãŸã¡ã¯ã„ã¤ã‚‚ã‚ãªãŸã®ãŸã‚ã«ãã“ã«ã„ã‚‹ã®ã§å¿ƒé…ã—ãªã„ã§ãã ã•ã„...ç§ã®äººç”Ÿã«å­˜åœ¨ã—ã¦ãã‚Œã¦ã‚ã‚ŠãŒã¨ã†ã€ç§ã¯ã¨ã¦ã‚‚æ„Ÿè¬ã—ã¦ã„ã¾ã™....ç§ã¯ã‚ãªãŸã®ä»–ã®ç´ æ™´ã‚‰ã—ã„ä»•äº‹ã‚’å¾…ã£ã¦ã„ã¾ã™,,Akusha
"Congrats on 1 Million subs Kanatan, love you very much",,Akitan
"hey Kanata,
Congrats on 1M subs! I know times are tough now that Coco's graduated, but keep strong like i know you are. Cheers to 1M and MANY MANY more!",,Setsuna Chiame
"Thank you Kanatan for everything you've did. Please keep being the Kanata you are today, and feel free to try out new stuff. Be strong when there are challenges because we are here for you and we will always support you. 

My country don't support superchat so I can't send one right now. But if somehow I can do it, then I will send one. We will always support you Kanatan, best tenshi.",,Kelvin W / KwQuil
Congratulations kanata for the 1M keep doing what you like whit love from MÃ©xico,,Emmanuel Martinez
ã‚«ãƒŠã‚¿ãŠã‚ã§ã¨ã†!! ç§ã¯ã¾ã æ—¥æœ¬èªžã‚’å‹‰å¼·ã—ã¦ã„ã‚‹ã®ã§é–“é•ã„ã‚’ãŠè©«ã³ã—ã¾ã™ã€‚ ç§ãŒã‚ãªãŸã®ãƒ•ã‚¡ãƒ³ã§ã‚ã‚‹ç†ç”±ã¯ã€ã‚ãªãŸãŒéŸ³æ¥½ã«éžå¸¸ã«æ‰èƒ½ãŒã‚ã‚Šã€ç´ æ™´ã‚‰ã—ã„éŸ³æ¥½ã‚’ã‚ˆã‚Šè‰¯ãã™ã‚‹ãŸã‚ã«ä¸€ç”Ÿæ‡¸å‘½åƒãã‚ˆã†ã«ç§ã‚’åˆºæ¿€ã—ãŸã‹ã‚‰ã§ã™ã€‚ç§ãŸã¡ã‚’ã¨ã¦ã‚‚å¹¸ã›ã«ã—ã¦ãã‚Œã‚‹ã®ã§ã€ã‚ãªãŸãŒä¸€ç•ªå¥½ããªã“ã¨ã‚’ç¶šã‘ã¦ãã ã•ã„! ã‚«ãƒŠã‚¿ã‚ã‚ŠãŒã¨ã†ã”ã–ã„ã¾ã™!,,Viniel
Congrats and stay happy,,Kiso
100ä¸‡äººãŠã‚ã§ã¨ã†ã§ã”ã–ã‚‹ï¼ä¸€å¹´å‰ã€æ—¥æœ¬èªžã¯å…¨ç„¶åˆ†ã‹ã‚‰ãªã‹ã£ãŸã‘ã©ã€æ¯Žæ—¥ãƒ›ãƒ­ãƒ¡ãƒ³ã‚’è¦‹ã‚‹ã®ã¯æ—¥æœ¬èªžå‹‰å¼·ã«ãªã£ãŸã€‚ã‹ãªãŸã‚“ã®é…ä¿¡ã¯å‹‰å¼·ã®ãŸã‚ã«ã¿ãŸã‘ã©ã€ä»Šæœ¬å½“ã«å¤§å¥½ãã«ãªã£ãŸã€‚ä¼šé•·ã®å’æ¥­ã¯æ‚²ã—ã‹ã£ãŸã‘ã©ã€ã‹ãªã‚³ã‚³ã¯æ°¸é ã§ã”ã–ã‚‹ã€‚ä¿ºã®æŽ¨ã—ã¯YAGOOã ã‘ã©ã€ã‹ãªãŸã‚“ã¯äºŒç•ªã§ã”ã–ã‚‹ã€‚I LOVE YOU KANATAN!,,Ploopy
Congratulations PPT! we are all so happy and proud of you <3,,Dominic
"Congrats, PPT. You really entertained us and raised our spirits during these hard times, thank you.",,DetectiveRanpo
ç§ã®æ—¥æœ¬èªžãŒé–“é•ã£ã¦ã„ã‚‹å ´åˆã¯ç”³ã—è¨³ã‚ã‚Šã¾ã›ã‚“ãŒã€ç§ã¯ã‚°ãƒ¼ã‚°ãƒ«ç¿»è¨³ã‚’ä½¿ç”¨ã—ã¾ã—ãŸã€‚ã‚ãªãŸãŒå›°é›£ãªæ™‚æœŸã«ç§ã‚’åŠ©ã‘ã¦ãã‚ŒãŸã®ã§ã€ã‚«ãƒŠã‚¿ã«æ„Ÿè¬ã—ã¾ã™ã€‚,,Marry me Kanata 
"[EN]
Congratulations on 1M 50kg grip PPT Kanatachi! I know that there is a lot of things happened recently, I hope you stay strong and always keep smiling. We are always proud of you. Where ever your journey takes you, we are still here to support you no matter what. Thank you for being a wonderful part of our lives!
[JP] *DeepL translation*
1M50kgã‚°ãƒªãƒƒãƒ—PPTã‚«ãƒŠã‚¿ãƒãŠã‚ã§ã¨ã†ã”ã–ã„ã¾ã™ã€‚æœ€è¿‘ã¯ã„ã‚ã„ã‚ãªã“ã¨ãŒã‚ã£ãŸã¨æ€ã„ã¾ã™ãŒã€å¼·ãã€ãã—ã¦ã„ã¤ã‚‚ç¬‘é¡”ã§ã„ã¦ãã ã•ã„ã€‚ç§ãŸã¡ã¯ã„ã¤ã‚‚ã‚ãªãŸã‚’èª‡ã‚Šã«æ€ã£ã¦ã„ã¾ã™ã€‚ã‚ãªãŸã®æ—…ãŒã©ã“ã«è¡Œã“ã†ã¨ã‚‚ã€ç§ãŸã¡ã¯ä½•ãŒã‚ã£ã¦ã‚‚ã‚ãªãŸã‚’ã‚µãƒãƒ¼ãƒˆã—ã¾ã™ã€‚ç§ãŸã¡ã®äººç”Ÿã®ç´ æ™´ã‚‰ã—ã„ä¸€éƒ¨ã§ã‚ã‚‹ã“ã¨ã«æ„Ÿè¬ã—ã¾ã™ã€‚",,Narimo (Nyl)
"You are the best and cutest angel I've ever seen, //best waifu too. From now you've inherit reddit shitpose from Kaichou, hope you enjoy with your work, I'm just follow you for around 2 month but you're always my encouraging when I'm depressed, also I'll be your encouraging too. Thank for stream and happiness, I'll support you as long as I can, always love you Kanatan ðŸ’™ I'll wait for the day that you have 1M subscriber !
- From ordinary Heimin",,Belt
Congratulations to one million subscribers! Your hard work deserves it. I will always love and support you!,,Deffdapp
ã‹ãªãŸã‚“ã€ç™¾ä¸‡äººãŠã‚ã§ã¨ã†ã”ã–ã„ã¾ã™ã†ã†ã†ã†ã†ã†ã†ã†ã†ã†ã€‚,,Nguyen Tuan Hung
Congratulation Kanata!,,
"Kanatan, Omedetou for reaching 1 million subscribers! As a Heimin, i'm so happy that you reached this milestone. No matter what you do, we will support you! Always remember, do your best and just be yourself! ",,Mhiya Klaire Bonza
"Congratulations on 1 million subscribers! Thank you for always making me happy with your streams. Keep up the good work, we love you! ",,ghoul
"ã‹ãªãŸã¸
ç§ã¯ just want to say
Congratuã‚ã§ã¨ã† for the  100ä¸‡ subscribers!! ",,Fev
Congratulation PPTenshi for reaching 1M subscribers,,Viendetta
Congratulations on one million subscribers Kanata. Now onto two million.,,FrostyGlaceon
Congratulations for 1 million subscribers Kanata!!! Wishing you more success in the future. We will you support you until the end.,,Kornetz
"Kanataaaa!! Congratulations on your 1million! I'll continue to support you ,
I can't join membership or send a superchat I'm sorry!! (ï½¡â€¢Ìï¸¿â€¢Ì€ï½¡) I love you!From Philippines! ðŸ‡µðŸ‡­ðŸ’™â¤ï¸",,Yoshino_San
Congratulations Kanatan!!!! You deserved it!!,,
Congrats on 1M subs PPT!!! Thanks for all your hard work! Pls takecare of Coco for me a fellow Tatsunoko :^) will support you tenshi!!,,Exia94
ï¼‘ï¼ï¼ä¸‡äººãŠã‚ã§ã¨ã†ã”ã–ã„ã¾ã™ï¼ã‹ãªãŸã‚“ã¯æœ¬å½“ã«å¼·ã„äººï¼æ¡åŠ›ã ã‘ã§ãªãã€ç²¾ç¥žçš„ã«ã‚‚ã¨æ€ã„ã¾ã™ã€‚æœ¬å½“ã«å°Šæ•¬ã—ã¦ã„ã¾ã™ã€‚ã‚¹ãƒ‘ã¡ã‚ƒã®æ›¸ã„ã¦æ™‚ã€ä½•ã¨è¨€ã£ã¦ã„ã„ã‹ã‚ã‹ã‚‰ãªã„ã€‚ã§ã‚‚ã€è¨€è‘‰ã§å…ƒæ°—ã«ãªã£ã¦ã‚‚ã‚‰ãˆãŸã‚‰å¬‰ã—ã„ã§ã™ã€‚ã‹ãªãŸã‚“ã¨å‡ºä¼šã†ã“ã¨ã‚ˆã‹ã£ãŸã§ã™ã€‚æœ¬å½“ã«æœ¬å½“ã«ã‚ã‚ŠãŒã¨ã†ï¼ä½•ãŒã‚ã£ã¦ã‚‚ã€ã„ã¤ã‚‚å¿œæ´ã™ã‚‹ã‚ˆã€‚,,TheDinoflagellate
ã‹ãªãŸã‚“ï¼‘ï¼ï¼ä¸‡äººç™»éŒ²ãŠã‚ã§ã¨ã†ï¼ã‹ãªãŸã‚“ãŒä¸€ç”Ÿæ‡¸å‘½ãªå§¿ã¯ç§ã«æ„Ÿå‹•ã•ã‚ŒãŸã€æœ¬å½“ã«é ‘å¼µã£ã¦è¼ã„ã¦ã„ã¾ã™ã€‚ãŠä¼šã„ã§ãã¦ã€ ã¸ã„æ°‘ã«ãªã£ã¦æœ¬å½“ã«è‰¯ã‹ã£ãŸã§ã™ã€‚ã‹ãªãŸã‚“ã®ã™ã¹ã¦å¤§å¥½ãã€‚ã“ã‚Œã‹ã‚‰ã‚‚ã‚ˆã‚ã—ããŠé¡˜ã„ã—ã¾ã™ã€ãšã£ã¨å¿œæ´ã—ã¦ã„ã¾ã™ã€‚,,ãƒ´ã‚§ãƒ¼ãƒ«ãƒŒã‚¤
"Congratulations on 1,000,000! Fly higher!",,Luvarin
"Congratulations on one million subscribers! (DeepL) ã‚ãªãŸã®æ—…ã¯ã€ç§ã«ã¨ã£ã¦ã¨ã¦ã‚‚åˆºæ¿€çš„ã§ã™ã€‚ã‚¢ã‚¤ãƒ‰ãƒ«ã«ãªã‚ŠãŸã„ã¨ã„ã†å¤¢ã‚’å¶ãˆã¦ãã‚Œã¦ã€æœ¬å½“ã«å¬‰ã—ã„ã§ã™ã€‚ã‚ãªãŸã«å‡ºä¼šãˆã¦ã‚ˆã‹ã£ãŸã§ã™ã€‚I love you, Kanatan!",,Blancanon
Thank you for all your hard work! We all believe in you and we'll support all your dreams.,,Ivannoar
Happy birthday to the cutest angel in the heaven and the World feliz cumpleaÃ±os ðŸ¤,,ThoDeku
Thank you for all the hard work! You are a true angel who has helped us get through a tough time. You have earned all of your success! I look forward to more fun streams! ãŠã‚ã§ã¨ã†ï¼(ï¾‰â—•ãƒ®â—•)ï¾‰*:ï½¥ï¾Ÿâœ§ <3,,Neomalith
"Kanata, congratulations on reaching 1 million subscribers :D. I hope you continue to grow and achieve all your goals and dreams.  Pd: Thank you for giving us happiness PPT :3 ",,Delm
ã‹ãªãŸã¡ã‚ƒã‚“ã€ãŠã‚ã§ã¨ã†ã”ã–ã„ã¾ã™ã€‚ã‚ãªãŸãŒç™»éŒ²è€…æ•°100ä¸‡äººã‚’é”æˆã—ãŸã“ã¨ã‚’ã¨ã¦ã‚‚å¬‰ã—ãæ€ã„ã¾ã™ã€‚ã‚ãªãŸãŒæˆé•·ã—ã€æ¥½ã—ã‚“ã§ä»•äº‹ã‚’ã—ã¦ã„ã‚‹å§¿ã‚’è¦‹ã¦ã€ãƒ•ã‚¡ãƒ³ã¨ã—ã¦èª‡ã‚Šã«æ€ã„ã¾ã™ã€‚ã“ã‚Œã‹ã‚‰ã‚‚ç´ æ™´ã‚‰ã—ã„ã‚³ãƒ³ãƒ†ãƒ³ãƒ„ã‚’æä¾›ã—ã¦ãã ã•ã„ã€‚ã‚¨ãƒ«ã‚µãƒ«ãƒãƒ‰ãƒ«ã‹ã‚‰ã®æ„›ã‚’è¾¼ã‚ã¦ã€DeepLã€æ—¥æœ¬èªžãŒä¸‹æ‰‹ã§ã™ã¿ã¾ã›ã‚“ã€‚,,Hiro Lu
"Congratulations, Kanatan. Gorilla or Tenshi, we still love you.",https://drive.google.com/uc?id=19oRsqzfrmHOZEmf-80dK2h32-o7tnypq,C4_KadalMen
"""Me"" like you, ""me"" has watch your stream alot, you are very talented girl,""me"" really love your voice.""Me"" hope you continue to be vtuber for a long long time and one last thing ""we""(your fan) together strong.",,LudinVonHanen
"Hello Kanatan. Congratulation for 1 million!! Tatsunoko and Heimin are forever supporting you. Lets continue to 2 millio, next!",,Brother Bear
"Congratulations to 1M subs kanatan, and for your future achievements and milestone",,Slime_desy
Thank you Kanata!!!,https://drive.google.com/uc?id=1zv__7aOo7YL34MZSyNZFQOano2Mx75DH,SIlverChariot
Hi Kanata! You will always be a Tenshi to us! We love you very much! You've worked really hard and you deserve all the blessings that come your way. :),,Victor Guerrero
"Congratulations Kanata on reaching 1M, we are so proud of you and we are waiting to see your channel grow more and more. Thank you for your amazing content! ",,RMC
"Congratulations! You are awesome, Kanata! Thanks to you I tried a HÃ¤agen-Dazs ice cream for the first time. It was delicious! I'll keep supporting you, so keep up the great work!",https://drive.google.com/uc?id=1hC4F7wvc6CuYJS1xBNe3KqGlxpKq0wwZ,Daniel Berger
"Congratulation Kanata, I hope you will get more fans and become even more famous",,
Kanata thank you so much for lift up my mood with all your stream I really like your voice when you singing sound so angelic and congratulations for 1Milion subscriber  !!!,https://drive.google.com/uc?id=1nddgk7IkYa4UGVAGT5D20QRC6B_qk5D9,Zack
"Congratulation for reaching 1million subscribers! ãŠã‚ã§ã¨ã†ï¼ï¼æœ€å¾Œã¾ã§ãšã£ã¨å¿œæ´ã—ã¦ã„ã¾ã™ã€‚é ‘å¼µã£ã¦ãã‚Œã¦ã‚ã‚ŠãŒã¨ã†ã€‚ã‚ãªãŸã®ã‚¹ãƒˆãƒªãƒ¼ãƒ ã‚’è¦‹ã‚‹ãŸã³ã«ã€ã„ã¤ã‚‚ç§ã®ä¸€æ—¥ã‚’è‰¯ãã—ã¦ãã‚Œã¾ã™ã€‚ã“ã‚Œã‹ã‚‰ã‚‚ãƒ™ã‚¹ãƒˆã‚’å°½ãã—ã¦ã€æ±ºã—ã¦ã‚ãã‚‰ã‚ãªã„ã§ãã ã•ã„ã€‚ãŒã‚“ã°ã£ã¦ãã ã•ã„ã€‚ã‹ãªãŸã ã„ã™ãã§ã™ï¼
æµ·å¤–ã®ãƒ•ã‚¡ãƒ³ã®ä¸€äººã‹ã‚‰",,ZeLL
Congratulations on your 1M milestone Kanatan! I hope you continue to prosper! We love you so much!! We are always here for you!,,Chichi
Congratulations! Thank you for all your hard work! Much loveðŸ’ž,,Anthony M
"To Kanata, soon Kanata will reach 1M subscribers on Youtube. Congratulations.",,ã‚·ãƒ­
Thank you for bringing us fun and joy. Especially during these tough times... thank you for being strong for us when Coco graduated. Thank you for the songs. Keep up the good work. Anatawa Subarashi Tenshidesu!,,Atraxitator
ã‹ãªãŸã‚“ï¼‘ï¼ï¼ä¸‡äººãŠã‚ã§ã¨ã†ï¼ï¼ï¼ï¼ï¼ï¼ï¼ï¼ï¼ï¼,,ì•ŒíŒŒ
Congratulations on 1 million! You have always cheered me up in my down times and I appreciate everything you have done. Thank you!,,FLã‚¢ãƒ«
"ã‹ãªãŸã‚“ç™»éŒ²è€…100ä¸‡äººãŠã‚ã§ã¨ã†ðŸŽŠ
ã“ã‚Œã‹ã‚‰ã‚‚ã¿ã‚“ãªã§æ¥½ã—ã„æ™‚é–“ã‚’éŽã”ã—ã¦æ²¢å±±ã®æ€ã„å‡ºä½œã£ã¦ã„ã“ã†ã­â€¼ï¸Ž",https://drive.google.com/uc?id=1QrQnP48g6ymU_bS9EAckmTPwsI4wbGya,ç´«ç…™/å±±æ¢¨ã®Vã®æ°‘
"â¤ PPT â¤ OMEDETO Kanatan
I made this for you",https://drive.google.com/uc?id=1K45jtWd5aBG1ACf9L0TFNY9q3h8lYf5_,Kuro7798
"Arigathanks, suki desu",,Mr Kanata
"ãƒãƒ£ãƒ³ãƒãƒ«ç™»éŒ²è€…æ•°100ä¸‡äººã«ãŠã‚ã§ã¨ã†ã”ã–ã„ã¾ã™!! Thank you for your music and cover song, your voice is really amazing! ä»Šå¾Œã‚‚å¿œæ´ã—ã¦ã„ãã¾ã™ãƒ¼!!",https://drive.google.com/uc?id=1nGW1HtSG5JNrdtufNXmqYQxhM3PO5RzB,Hardinata
100ä¸‡äººãŠã‚ã§ã¨ã†ï¼ã‚«ãƒŠã‚¿ã•ã‚“ãŒä¸€ç•ªå¥½ãã§ã™ã€‚å¤‰ãªè¨€ã„æ–¹ã‹ã‚‚ã—ã‚Œã¾ã›ã‚“ã‘ã©ã€ã‚ãªãŸãŒç§ã®äººç”Ÿã‚’å¤‰ãˆã¦ãã‚ŒãŸã¨è¨€ã†ãŸã‚ã«ã¯éŽè¨€ã§ã‚ãªã„ã€ã ã‹ã‚‰ã“ã‚Œã‹ã‚‰ã‚‚å…¨åŠ›ã§å¿œæ´ã—ã¦ã„ã¾ã™ã€‚ãŠä½“ã«æ°—ã‚’ã¤ã‘ã¦ãã ã•ã„ã€ã€Œä¼‘ã‚“ã§ã‚‚ã„ã„ã‚“ã ã‚ˆã€ã¨ã„ã†ã“ã¨ã‚’å¿˜ã‚Œãªã„ã§ãã ã•ã„ã€‚ä¸‹æ‰‹ãããªæ—¥æœ¬èªžã¯ã™ã¿ã¾ã›ã‚“ ( ã€ƒï¼Žï¼Ž) ,,ã‚¯ã‚¨ãƒ“ã‚³
"Congratulations on 1M Subscribers. From Tatsunoko to Oshio, I look forward to seeing you continue your journey. Best wishes",https://drive.google.com/uc?id=1ASkYDGomIZlNAYoVksjLdL0zePNhD8ZT,Pyro
1 million of us watching an angel thank you for the smiles ,,
Congratulations on 1 million subscribers!!! Thank you for everything you've done for us and for hololive! You're really amazing! I will always support you!,,NekoKiwi
PPT é ‘å¼µã£ã¦ãã‚Œã¦ã‚ã‚ŠãŒã¨ã†~!!,,
"å¤§å¤§å¤§å¥½ããªã‹ãªãŸã‚“ã¸

ç™»éŒ²è€…100ä¸‡äººæœ¬å½“ã«ãŠã‚ã§ã¨ã†ã”ã–ã„ã¾ã™ã€‚
ã“ã®è¨˜éŒ²ã®é”æˆã¯è‡ªåˆ†ã®ã“ã¨ã®ã‚ˆã†ã«ã™ã”ãå¬‰ã—ãæ€ã„ã¾ã™ã€‚

ã‹ãªãŸã‚“ã®ç™»éŒ²è€…100ä¸‡äººã®é“ã®ã‚Šã¯ä»–è€…ã¨æ¯”ã¹ã¦éžå¸¸ã«é™ºã—ãå¤§å¤‰ã ã£ãŸã¨æ€ã„ã¾ã™ã€‚
æœ¬å½“ã«ãŠç–²ã‚Œæ§˜ã§ã—ãŸã€‚

ã‹ãªãŸã‚“ã®ä½œã‚‹ã‚³ãƒ³ãƒ†ãƒ³ãƒ„ã²ã¨ã¤ã²ã¨ã¤ãŒå‡„ãå¤§å¥½ãã§ã™ã€‚

ã„ã¡ã¸ã„æ°‘ã§ã‚ã‚‹åƒ•ãŒã§ãã‚‹ã“ã¨ã¯å°‘ãªã„ã§ã™ãŒã€ä¸€äººã§ã‚‚å¤šãã®äººã€…ãŒã‹ãªãŸã‚“ã‚’çŸ¥ã£ã¦ã‚‚ã‚‰ãˆã‚‹ã‚ˆã†ãªæ´»å‹•(åˆ‡ã‚ŠæŠœããªã©)ã‚’ç¶šã‘ã¦ã€å¿œæ´ã•ã›ã¦ã„ãŸã ãã¾ã™ï¼

ç¹°ã‚Šè¿”ã—ã¨ãªã‚Šã¾ã™ãŒã€

ã‹ãªãŸã‚“æœ¬å½“ã«ãŠã‚ã§ã¨ã†ï¼

æ¡œãƒŽå®®ã„ã¤ãã‚ˆã‚Š",,æ¡œãƒŽå®®ã„ã¤ã
"Hey Kanata! From when I first saw you I fell in love with everything you called yourself. Us oversea bros love you a lot. Wish you could speak perfect English to I would watch your stream. I found you from clips but I don't watch your streams because I don't know Japanese. Either way, Congrats on 1 Million Subs, take care and have a good one. ",,Jobi ^-^
100ä¸‡äººãŠã‚ã§ã¨ã†ã”ã–ã„ã¾ã™ï¼æµ·å¤–ãƒ‹ã‚­ã‹ã‚‰ã®å¾¡åŽšæ„ã§ã€ã“ã¡ã‚‰ã‹ã‚‰ãƒ¡ãƒƒã‚»ãƒ¼ã‚¸ã‚’é€ã‚‹ã“ã¨ã«ãªã‚Šã¾ã—ãŸã€‚ä¸–ç•Œã§æ„›ã•ã‚Œã¦ã„ã‚‹ã‹ãªãŸã‚“ã‚’æœ¬å½“ã«ã™ã”ã„ã¨æ€ã„ã¾ã™ã€‚ï¼ˆCongratulation to 1M subscriber !  Message from me to Kanata. By oversea brothers kindness and this project.  You are loved by everyone on the world. Really awesome!ï¼‰,,ãµã˜ã€‡ï¼ˆfujimaruï¼‰
1M Omedetou!! We love you Tenshi~,https://drive.google.com/uc?id=1tigaG3kuizNOr-L2V8C3ki5TsP3V9zFY,Ash Berdin
"Your singing saved me from the lowest point of my life. Thank you, our little angel.",https://drive.google.com/uc?id=1kiNCmxDiqPGfBWaIukGqi_xURJCFzYS0,Darrick966
ã‚ãªãŸã®ãƒãƒ¼ãƒ‰ãƒ¯ãƒ¼ã‚¯ã¯éžå¸¸ã«é«˜ãè©•ä¾¡ã•ã‚Œã¦ã„ã¾ã™ã€‚,,ã‚ªãƒ¼ãƒ•ã‚£ã‚¢ã‚¹
"Thank you, Kanata. You always make me happy. I was always a fan but I grew to love you even more in the last 4 months. You do so much for us fans. From one Detective Conan fan to another, congratulations on 1 Million and thank you for your hard work! ç§ãŸã¡ãƒ•ã‚¡ãƒ³ã®ãŸã‚ã«å¤šãã®ã“ã¨ã‚’ã—ã¦ãã‚Œã¦ã„ã¾ã™ã€‚æœ¬å½“ã«æ„Ÿè¬ã—ã¦ã„ã‚‹ã“ã¨ã‚’ä¼ãˆãŸã‹ã£ãŸã®ã§ã™ã€‚å¿ƒã®åº•ã‹ã‚‰ã€ã‚ã‚ŠãŒã¨ã†ã”ã–ã„ã¾ã—ãŸã€‚(DeepL)",https://drive.google.com/uc?id=13yKjKeJjHm9TqX7VTssJ--M8pdGfMMN7,
ã‹ãªãŸã‚“ï¼‘ï¼ï¼ä¸‡äººé”æˆãŠã‚ã§ã¨ã†ã”ã–ã„ã¾ã™ï¼ã‚ãªãŸã«å‡ºä¼šãˆã¦ã‹ã‚‰ã¯ã¾ã ä¸€å¹´æœªæº€ã§ã™ãŒã€è‰²ã€…æ¥½ã—ã‚ã¾ã—ãŸï¼æŒ¯ã‚Šè¿”ã‚‹ã¨ã‹ãªãŸã‚“ã®ç¥žæ­Œæž ã‚„è‰²ã‚“ãªã‚²ãƒ¼ãƒ ã®è€ä¹…ç³»é…ä¿¡ã‚„ã‹ãªãŸã‚“ã®ã‚¢ãƒ³ãƒ€ãƒ¼ãƒ†ãƒ¼ãƒ«ã®åˆè¦‹ãŒæ€ã„å‡ºã™ã€‚ä¸€å¹´åŠã®æ´»å‹•æœ¬å½“ã«ãŠç–²ã‚Œæ§˜ã§ã—ãŸï¼ã“ã‚“ãªã«å°Šæ•¬ã§ãã‚‹æ ¹æ€§ã®å¼·ã„äººã¯ãƒžã‚¸ã§JUST KANATAã§ã™ï¼ã“ã‚Œã‹ã‚‰ã‚‚å¿œæ´ã—ã¦ã‚‹ã‚ˆï¼,,vtange
ç™¾ä¸‡äººãŠã‚ã§ã¨ã†ã”ã–ã„ã¾ã™ã€‚ã“ã‚Œã¯ã‚«ãƒŠã‚¿ã¡ã‚ƒã‚“ã®å®ŸåŠ›ã¨æ‰èƒ½ã§ã™ã€‚ã„ã¤ã‚‚é ‘å¼µã£ã¦ãã‚Œã¦ã‚ã‚ŠãŒã¨ã†ã€‚ã‚«ãƒŠã‚¿ã¡ã‚ƒã‚“ã®æ­Œã‚’ä¸€ç•ªå¤§å¥½ãã€‚ã„ã¤ã¾ã§ã‚‚å¿œæ´ã—ã¾ã™ã€‚æ”¹ã‚ã¾ã—ã¦ç™¾ä¸‡äººãŠã‚ã§ã¨ã†ã”ã–ã„ã¾ã™ã€‚,,ã‚­ãƒ©ã‚¦ã‚¤ãƒ³ã‚°
Happy birthday to our favorite gorilla!!!thank you for spreading so much fun in your streams,,Igor
"Congratulation on 1 Million Subscribers ! ! ! Selamat 1 Million Subscribers !! Thank you for coloring my day everyday, Terima kasih. I will always support you and waiting for all your journey. let's go to 2 Million Subscribers !! Semangat !! ãŒã‚“ã°ã‚ã† !! To the Top ! ! ! !",,Muraiz
"Congrats on reaching 1 million subscribers !
You have been the person I look up to . Your will to keep going and giving it your all is an inspiration to me.
Watching your stream and clip always put a smile on my face and make my day better!

Wishing you all the best in the future!
ã‚ã‚ŠãŒã¨ã†ã€ã‹ãªãŸ / PPå¤©ä½¿ !",,Leevan Ying
Congratulations on your 1M Subs! We'll continue on to support our PPT! Hakuna Matata! One love from Kenya!,,froy.barlaan617
"Omedetou Kanata!!!!!!

One Million Subscribers! You really are the most amazing (gorilla) idol PPTenshi!
You're the reason I started watching Hololive and you make every day brighter. I still remember staying up until 6 am watching a clip of you and Coco crying over McDonalds with a smile on my face. 

You really put a lot of effort in everything, so make sure you eat lots of Haagen-Dazs!

KanaCoco House FOREVER!",,magmaburn
Congratulations on achieving 1 Million subscribers Kanata!! Thank you for the effort and hard work that you've put in all this time. I'm glad to be able to watch your streams and see you laugh and have fun. Thank you for sharing  your joy with us and I look forward to seeing what the future has in store.,,HoloFan Lee
"100ä¸‡å›žã®ã‚µãƒ–ã‚¹ã‚¯ãƒªãƒ—ã‚·ãƒ§ãƒ³ãŠã‚ã§ã¨ã†(çˆ†ç«¹ã®éŸ³)
ã‹ãªãŸã‚“ãŒã“ã‚Œã‹ã‚‰ã‚‚é ‘å¼µã£ã¦ã‚’é¡˜ã£ã¦ã„ã¾ã™
ã„ã¤ã‚‚å¿œæ´ã—ç¶šã‘ã¾ã™",,Cash Chien
Hey Kanata! Congratulations on reaching a million subs!!! A massive thank you for all that you've done. Here's hoping you go even farther Beyond!,,A.Eve
Congratulations on finding 1000000 heimins~,,Minki
"Am I late for birthday? Oh, it's not? Oh wait, it's 1 million subs! Congratulation Kanata! I hope you the best!
And the angel is still cute as always. 50kg grip letsgooooooooo",,Rain
Congratulation PPT ! Thank you for all the memories !,,maQra
"Kanatan, your kaigainiki are so proud and happy for you. Your strength and beauty is always inspiring. Congratulations on 1 million PTT!!!!!!! ",,Willard
"So many countless colors, and you were the single rainbow to my world.
Congratulations on your 1 million subscribers Kanata!!",,Sugarsoap
"Congratulations on celebrating 1 million subs kanata!!! it doesn't feel like kanata is this high, there are many tests and obstacles that we have gone through together, many memories that have been made to create special memories for fans, hopefully kanata always continues to work with all his heart, spread smiles to humans on earth â€¢wâ€¢



Omedetou kanatan!!",,Agung Junianda
Congratulation,,TheWuxian
Congratulations on hitting 1 Million Heimins!! You will always be my kami-oshi and I will support you no matter what!,,Cheliax
"To our gorilla, congrats for 1M! Your wonderful voice shrines through my darkest times, thankyouuuu! Continue to shrine and be make a legacy as our PPTenshi, LOVE YOU!",,Raspie
ã¸ã„ï¼ã“ã‚“ã‹ãªãŸã‚“ï¼ç™¾ä¸‡äººãŠã‚ã§ã¨ã†ï¼ã„ã¤ã‚‚ã‚ã‚ŠãŒã¡ã‚‡ã†ï¼Thanks for all the fun streams thus far! You always brighten up my day! Look forward to more of your streams and I will always continue supporting you! ã“ã‚Œã‹ã‚‰ã‚‚ã‚ˆã‚ã—ãã­~,,Andy(å¤ã®é›¨)
Congratulations on achieving 1 million subs!!! ï¼‘ï¼ï¼ä¸‡äººãŠã‚ã§ã¨ã†ï¼ï¼ï¼,,lt9m0
ãŠã‚ã§ã¨ã†ã‚«ãƒŠã‚¿ãƒ³ï½ž ãŠç–²ã‚Œæ§˜ã€‚ã“ã“ã¾ã§é ‘å¼µã£ã¦ãã¾ã—ãŸã­ã€‚ãŸãã•ã‚“ã®å›°é›£ã‚’ä¹—ã‚Šè¶Šã€‚ãŒã‚“ã°ã‚Œ ã‚¤ãƒ‰ãƒ«! GOOD JOB!,https://drive.google.com/uc?id=1GczlWwfYm2xCJBZMCKylqC5IEDes7djD,Jakklin
"Hei! This is Kota, or Quota! I've been watching your journey silently for the past year and a half, and I can't believe you're already approaching or already have approached a million subscribers! Though I haven't been watching you much recently, I'm still really proud of our powerpoint angel. I'm really glad to be a part of Kanatan's community. Here's a drawing I was supposed to greet you with on your 18th birthday last year, but ended up not doing! Happy 1M!",https://drive.google.com/uc?id=1u3JY_Fot2UrSiceFZvxAvf7wr0QqZkOb,Kota#2576
Congratulations! I'm always cheering for you!!!,https://drive.google.com/uc?id=1oKZa0uoPcW75bbAmwH67dQkygnN8AevX,GoldenBirb
ã‹ãªãŸã‚“ã€ãƒãƒ£ãƒ³ãƒãƒ«ç™»éŒ²è€…100ä¸‡äººãŠã‚ã§ã¨ã†ï¼ã€€åƒ•ãŒã‹ãªãŸã‚“ã‚’çŸ¥ã£ãŸæ™‚ã¯åæ•°ä¸‡äººãã‚‰ã„ã€ãã‚Œã§ã‚‚å‡„ã„ã®ã«ã€ä»Šã¯æ›´ã«æ²¢å±±ã®äººãŒã‹ãªãŸã‚“ã‚’å¿œæ´ã—ã¦ãã‚Œã¦ã‚‹ã€‚æ˜”ã¯ã€Žãƒ›ãƒ­ãƒ©ã‚¤ãƒ–ã®ãŠã‹ã’ã€ã£ã¦è¨€ã£ã¦ãŸã—ã€ãã‚Œã¯ä»Šã‚‚ãã†ã‹ã‚‚ã—ã‚Œãªã„ã‘ã‚Œã©ã€ç¢ºå®Ÿã«ã‹ãªãŸã‚“ã®å®ŸåŠ›ãŒã‚ã‚‹ã‹ã‚‰ã•ï¼ã€€ã“ã‚Œã‹ã‚‰ã‚‚å¿œæ´ã™ã‚‹ã‚ˆã€œï¼ï¼,,é‹¼ã®ãƒ¯ãƒ³ã‚³
"Congratulations for 1 millions subcribe, Kanata you've worked really hard and I'm really happy to see you singing on stage.I hope to I can 
 attend your live concerts in Japan in the future.Let's make ur dreams come true together!!",,Jiejie
Omedeto Kanata congratulation for reaching 1 million subscribers I am sad that I can't send SC to you but I hope you will have great day and years to come and once again OMEDETOU ,,Luqman
"Hello, Kanata! I wanted to congratulate you on hitting 1 million on YouTube! I only know basic Japanese, so I watch a lot of your translated stream clips. Iâ€™ve been watching hololive streams through 2019 to now since I have anxiety. Mainly streams from, Korone, you and Coco and wanted to write to say thank you all for helping me feel less worried through out the day and just being over all fun to watch. Good luck with the future!",,Jade
"ã‹ãªãŸã‚“100ä¸‡äººãŠã‚ã§ã¨ã†ï¼
æ­ŒãŒé­…åŠ›çš„ã§é«˜éŸ³ã‚‚ç¶ºéº—ã§è‡ªåˆ†ã™ãæƒšã‚Œã¾ã—ãŸã€‚
ä½•ã‚‚ã‹ã‚‚ã‹ãªãŸã‚“ãŒã‚„ã£ã¦ãã‚Œã¦ã€ã‚ªãƒªæ›²ã‚‚æ€¥ã„ã§ä½œã£ãŸå‡ºæ¥åˆã„ã§ã¯ãªã„ãã‚‰ã„ç´ æ™´ã‚‰ã—ã‹ã£ãŸã§ã™ã€‚ä¼šé•·ã®å’æ¥­ã®æ™‚ã®ãƒªãƒã€ä¼šé•·ã«ä¸€è¨€è¨€ã†ã®ç´ æ™´ã‚‰ã—ã‹ã£ãŸã€‚
ã“ã‚Œã‹ã‚‰ã‚‚é ‘å¼µã£ã¦ä¸‹ã•ã„ï¼",,ã‚ã‚
Congrats on 1M subs!!,https://drive.google.com/uc?id=1AElKuMSyHsjgsuTLM4pHoARPK4sADXmD,Navion
ã‹ãªãŸã‚“100ä¸‡äººãŠã‚ã§ã¨ã†ï¼ï¼ã„ã¤ã‚‚é…ä¿¡ã‚ã‚ŠãŒã¨ã†ã€ãã—ã¦ã“ã‚Œã‹ã‚‰ã‚‚ã‚ˆã‚ã—ãã­ï¼å¤§å¥½ãï¼,,æœæ—¥ãƒ”ãƒ¼ã‚·ã‚§
"Kanatan... I want to say many things to you... to make you feel GENKI and POSITIVE... ãŒã€ä»Šã¯ãŸã ã€ã€Œã‚ã‚ŠãŒã¨ã†ã€ã¨è¨€ã„ãŸã„ã§ã™ã€‚
é‡è·ã‚’èƒŒè² ã†ã®ã¯è¾›ã„ã“ã¨ã§ã™ãŒ...ã€‚ã‚ãªãŸãŒé‡è·ã‚’èƒŒè² ã£ã¦ã„ã‚‹ã¨æ„Ÿã˜ã¦ã„ãªã„ã“ã¨ã‚’é¡˜ã£ã¦ã„ã¾ã™...ã€‚ã‚ãªãŸã®äººç”Ÿã€ã‚ãªãŸã®é“ã¯ã¾ã ã‚ãªãŸè‡ªèº«ã®ã‚‚ã®ã§ã™ã€‚Kaichouã‚„GEN4ã€ã¿ã‚“ãªã¨ã¤ãªãŒã£ã¦ã„ã‚‹ã‘ã©ã€è‡ªåˆ†ã®é“ãªã‚“ã ã‚ˆã­ã€‚
å¤©ä½¿ã®å…‰ã‚’æŒã¡ç¶šã‘ã¦ã€ã‚ãªãŸã‚’å°Žã„ã¦ãã‚Œã‚‹ã“ã¨ã‚’é¡˜ã£ã¦ã„ã¾ã™ã€‚
ãã—ã¦ã„ã¤ã‚‚é€šã‚Šã€Heimin waiting, Heimin loving you! IKZ! 
DeepLã®ç¿»è¨³ãŒä¸‹æ‰‹ã§ã™ã¿ã¾ã›ã‚“... Don't stop! 
",,AngelTail!
"Congrats on 1 million subscribers Kanata! You have always made my days happier.
Thank you for everything and for all the fun memories! I will keep on supporting you until the very end ðŸ’™

We love you ðŸ’«",,third12
100ä¸‡ãŠã‚ã§ã¨ã†ï¼ç§ã¯ã‹ãªãŸã‚“ã®æ­Œå£°ã¨é¢ç™½ã„é…ä¿¡ãŒå¤§å¥½ãã§ã™ã€‚Great job Kanata!!,https://drive.google.com/uc?id=1g-vIo0SmFmhhRM5kHx30n8Ghg3vYrsyM,Ship
congrats on 1M subs kanata!! looking forward to having more fun with you!!!!,,watson
ãŠç–²ã‚Œæ§˜ã§ã—ãŸã€‚ã‚ãªãŸãŒé”æˆã—ãŸã™ã¹ã¦ã®ã“ã¨ã¯ã€ã‚ãªãŸè‡ªèº«ã®åŠªåŠ›ã®ãŠã‹ã’ã§ã™ã€‚ã“ã‚Œã‹ã‚‰ã‚‚ãšã£ã¨å¿œæ´ã—ã¦ã„ã¾ã™ã€‚è‹±èªžã—ã‹è©±ã›ãªã„æµ·å¤–ã®å…„å¼Ÿã¨ã—ã¦ã€ã“ã®ç¿»è¨³æ©ŸãŒã“ã®ãƒ¡ãƒƒã‚»ãƒ¼ã‚¸ã‚’ãã¡ã‚“ã¨ä¼ãˆã¦ãã‚Œã‚‹ã“ã¨ã‚’é¡˜ã£ã¦ã„ã¾ã™ã€‚,,Kyle
Congratulations! ! ! Best VTuber!,,Reddit Kaigai-niki
"Omedetou Kanatan! Your song always bring me peace of mind, please continue to pursue your dreams, i wish you the best and i'll be watching it!!",,Tsukuro
"Hi, Kanata! Thank you for all the hard work you have done all these months! Thank you for being a source of inspiration and motivation for everyone, and congratulations on 1 Million subscribers! ",,Excess
Congratulations Kanata!!! We love you!!! Keep it up!!!,,Pedro
"Congratulations to our PP Tenshi for reaching 1 Million subscribers! May you continue to be an inspiration to all of us who support you. We love you, Kanatan! ",,imPOLstor VIRUS
I recently became your fan. You work hard at everything you do. I wish I were strong and brave like you. We love you!,,ã‚¸ã‚¹
"ã‚«ãƒŠã‚¿ãƒ³ã•ã‚“ã€100ä¸‡äººç™»éŒ²ãŠã‚ã§ã¨ã†ã”ã–ã„ã¾ã™ã€‚
ç§ãŒã‚ãªãŸã®ãƒ•ã‚¡ãƒ³ã«ãªã£ã¦ã‹ã‚‰ç´„åŠå¹´ãŒçµŒã¡ã¾ã—ãŸãŒã€ç´ æ™´ã‚‰ã—ã„æ—…ã§ã—ãŸã€‚ç§ã¯ã‚ãªãŸã®å£°ã¨ã€ã‚ãªãŸã®ã‚¹ãƒˆãƒªãƒ¼ãƒ ãŒã©ã‚Œã»ã©æ„›ã‚‰ã—ã„ã‹ã€æœ¬å½“ã«å¥½ãã«ãªã‚Šã¾ã—ãŸã€‚ã‚ãªãŸã®ã‚«ãƒ©ã‚ªã‚±ã‚¹ãƒˆãƒªãƒ¼ãƒ ã¨æ§˜ã€…ãªæ›²ã®ã‚«ãƒãƒ¼ã¯ã€ç§ã®çµ¶å¯¾çš„ãªãŠæ°—ã«å…¥ã‚Šã«ãªã‚Šã¾ã—ãŸ! ã¾ãŸã€ã‚­ã‚»ã‚­ã®ãƒ ã‚¹ãƒ“ã§ã¯ã€ã‚ãªãŸã®ä½œæ›²ã®ã‚¹ã‚­ãƒ«ã‚’è¦‹ã›ã¦ãã‚Œã¾ã—ãŸã€‚ã‚ãªãŸã®ã‚ªãƒªã‚¸ãƒŠãƒ«æ›²ã‚’æ¥½ã—ã¿ã«ã—ã¦ã„ã¾ã™ã€‚ã“ã‚Œã¯ç§ã®çµ¶å¯¾çš„ãªãŠæ°—ã«å…¥ã‚Šã«ãªã‚‹ã§ã—ã‚‡ã†ã€‚ã“ã‚Œã‹ã‚‰ã‚‚é™°ãªãŒã‚‰å¿œæ´ã—ã¦ã„ã¾ã™ã€‚

æµ·å¤–ã®å…„å¼Ÿã‹ã‚‰æ„›ã‚’è¾¼ã‚ã¦ ðŸ’™ðŸ’« (DeepL translated)",,Xiaaan
"Kanata! Congrats on 1M sub! ! ! 
I look forward to more fun streams in the future.
Treat yourself to something good you deserve it.",,Rapostrophe
"I'm happy I discovered you when I did and that despite all the hardships you've been through, you're still here, bringing smiles to our faces. You're so sweet, smart, strong, funny, cute and inspiring and I love your voice. I can't thank you enough for being a part of my life. You're the best & your existence is a blessing. Congratulations on 1 million subscribers! You earned it! Let's make more happy memories and cherish the time we have together! I love you, Kanata. I always will. ðŸ’™",,Raph A.
"ã‹ãªãŸã‚“ã¸
ã‹ãªãŸã‚“ã®äº‹ã«èª‡ã‚Šã«æ€ã£ã¦ã„ã¾ã™ã€‚è‡ªåˆ†ã®ä»•äº‹ã¨ä¼šé•·ã®å’æ¥­ãƒ—ãƒ­ã‚¸ã‚§ã‚¯ãƒˆã‚‚æœ¬å½“ã«é ‘å¼µã‚Šã¾ã—ãŸã­ã€‚ãã‚“ãªã«å¿™ã—ãã¦ã‚‚ã€ãƒ•ã‚¡ãƒ³ã®äº‹ã„ã¤ã‚‚è€ƒãˆã¦ã„ã¾ã™ã‹ã‚‰ç§ãŸã¡ã¯æ„Ÿè¬ã—ã¾ã™ã€‚ã‹ãªãŸã‚“ã®å¿ƒã¨ã‚¿ãƒ¬ãƒ³ãƒˆã¯ç„¡é™ã§ã™ã‚ˆã€‚æœ¬å½“ã«ã‚ã‚ŠãŒã¨ã†ã”ã–ã„ã¾ã™ã€ãã—ã¦100ä¸‡ãŠã‚ã§ã¨ã†ã”ã–ã„ã¾ã™ã€‚å¤§å¥½ã!ããæ—¥æœ¬èªžã«ã¯ã”ã‚ã‚“!",,ã‚ªãƒ¼ãƒ«ãƒ•ã‚£ã‚¯ã‚·ãƒ§ãƒ³
"Congratulations Kanatan~ for the 1 million subscribe!! I admire your determination and I love your voice, stay healthy and stay strong as always <3",,Frencydark
Congratulations! Iâ€™m very happy for you!,,
"Thank you for all the hard work Kanata! You are one of the first vtubers I watched, and I love your content and personality! Stay strong tenshi!",,James
Congratulations on the 1 million subs and thank you for being the sweet angel you are!,,ãƒ¢ãƒ¬ãƒŠã‚¦ã‚¨ãƒ«
"Congrats on 1 million subscribers! Your singing voice is one of the best. Next, 2 million!",,NuclearConsensus
"Hi Kanata! Congratulations on 1 million subscribers! I will continue to support you, together with the heimin! ",,
"Happy birthday! Kanata, wish you have a good celebration! ",,LwSky
"CONGRATS KANATA!!!! You've work really hard and deserve it!! Thank you for your hard work, take care and congratulation once more!!!",,Lily
"Congratulations on 1,000k subs Kanata! You deserve it from the hard work you have done since debut. Once again congratulations Tenshi!! Today not gorilla but angel!!",,Kaiou
Thank you for being here to cheer our lives up,,Srepin
"I just want to say thanks to the best Tenshi ever! She really helped me cheer up a lot the past month and for that I will always be grateful! Love you Kanata, lets continue to walk this path together.",,ShadowMSL
"Congratulations on reaching 1,000,000 Heimin Kanata! I wish you the best, always and forever!",,Hollow-san
I wish you a happy life and good luck. Congratulations on reaching 1000000 subs.,,
"Congratulations Kanatan!!! I really admire and appreciate the effort and dedication in everything you do, you are just amazing and you have inspired me not to give up or take a step back. I hope you are enjoying this moment because you deserve it more than anyone. Let's go for the 2 Million together. You are the most talented and strongest angel I've ever seen!!!!",,Nattosan
"Congratulations on the milestone, and thank you for all the work you continue to do. Thank you, also, for always being there to support her, through thick and thin. May your strength continue to bring comfort and joy to your friends and fans. å¤©ä½¿ã«æœ€é«˜ã®ç¥ç¦ãŒã‚ã‚Šã¾ã™ã‚ˆã†ã« !",,LurKcouldWurK
Kanata is cute,,Ookami Sama
Omedetou cute tenshii! Never change! We love you! Ù©(â™¡Îµâ™¡ )Û¶,,Kris Statdfeld
Thank you for the wonderful streams and time you have given to us.,,Dehnox
Congrats on 1 million subscribers. I hope that you will continue to be successful and happy in the future.,,Mr. 1
Congratulations Kanata!! Thank you for being a Supportive and Kind Angel when we were down. The way to 1 Million is a Long way but we're not stopping anytime soon!!,,Idyeil
Thank you so much for helping us all stay positive these past few weeks. Wishing you all the love and support we can give for reaching such an incredible milestone!,,Brandon M.
Thank you for all of the amazing entertainment you have brought us PPTenshi :),,Jon Ritchie
Congratulations Kabaya!,,DBC
Thanks for always being so hardworking and supportive. You always calm me down on a bad day and I just wanted to say thank you for that.,,worstcomputer
"kanataã•ã‚“ã€ã“ã‚“ã«ã¡ã¯ã€‚100ä¸‡äººã®ã‚µãƒ–ã‚¹ã‚¯ãƒªãƒ—ã‚·ãƒ§ãƒ³ãŠã‚ã§ã¨ã†ã”ã–ã„ã¾ã™! ç§ãŒholiveã«å‡ºä¼šã£ãŸã¨ãã€ç§ã‚’ç•™ã¾ã‚‰ã›ãŸã‚‚ã®ã®ä¸€ã¤ã¯ç¬¬4ä¸–ä»£ã§ã—ãŸã€‚ Kanataã•ã‚“ã¯ç´ æ™´ã‚‰ã—ã„å£°ã‚’æŒã£ã¦ã„ã¦ã€ãŠãã‚‰ãç§ãŒè¦‹ãŸä¸­ã§æœ€ã‚‚å¤§ããªãƒãƒ¼ãƒˆã‚’æŒã£ã¦ã„ã¾ã™ ã“ã®1ãƒ¶æœˆé–“ã€ç«œã®å­ã®ãŸã‚ã«é ‘å¼µã£ã¦ãã‚ŒãŸã“ã¨ã«ã¨ã¦ã‚‚æ„Ÿè¬ã—ã¦ã„ã¾ã™ã€‚å¹³æ°‘ã¨ã—ã¦ã€ç«œã®å­ã¨ã—ã¦ã€2äººã®çŽ‹å­ã®ã†ã¡1äººãŒã„ãªããªã‚‹ã®ã¯è¾›ã„ã“ã¨ã§ã—ãŸãŒã€ä¼šé•·ã‚’ãŒã£ã‹ã‚Šã•ã›ãªã„ãŸã‚ã«ã‚‚é ‘å¼µã£ã¦ã„ã¾ã™! æ®‹ã£ãŸã®ã¯ã‚«ãƒŠã‚¿ã ã‘ãªã®ã§ã€ãŸãã•ã‚“ãŸãã•ã‚“å¿œæ´ã—ã¦ã€ä¸€çž¬ä¸€çž¬ã‚’ç²¾ä¸€æ¯æ¥½ã—ã¿ãŸã„ã¨æ€ã„ã¾ã™! One More time, congratulations no the million subs! (à¹‘ËƒÌµã€€á´—ã€€Ë‚Ìµ)Ùˆ

 Translated on DeepL, sorry if there's any error! ",https://drive.google.com/uc?id=1tQKCSUK1Wc6n5v7lSe5AhgOzhCcbYfPY,Mimeka
Congratulations on reaching 1mil subs! Thank you for all your hard work and for letting us be part of it!!!! ,,Kitsbaduk
Congratulations on 1M subs! Thank you for taking care of us. :^),,SnowBunny
"Iâ€™m so proud of you Kanatan, Thank you for everything you have done for all of us,We love you so much and we will always support you Pptenshi Forever!",,Zarcott
Congratulations Kanata! I hope it's been fun so far and there's even more fun going forward. I don't know a lot of Japanese but you are very fun to listen to even if I don't understand and your voice is amazing. ãŠã‚ã§ã¨ã†ï¼,,Ein
"Kanta, I love what you do and all the hardwork you put into things,I absolutely love your voice.
You are one of my favourite vtuber,hope you all the luck and power in future endeavours!!",,Kazuya
CONGRATS  (ï¾‰â—•ãƒ®â—•)ï¾‰*:ï½¥ï¾Ÿâœ§,,Zan
"Omedetou Kanatan!! Thank you for everything you've done so far, especially recently. I can't wait to see what the future holds in store for you!",,Aaron Portante
Even if it is a joke to call you a gorilla. You are one of the strongest people I know. Thank You for being the best. Live Strong å¤©ä½¿!!!,,Jay Smith
Keep Going!,,DA2605
"Hello PP Tenshi!

Congratulations on reaching 1 Million Subscribers! Keep up your good work and keep on with your Gorilla strength! Also congratulations on your baby with Towa wwwwwww :^)

Have Fun!
A Kaigai Niki from ãƒ‰ã‚¤ãƒ„",,Alex from Germany
CONGRATS KANATA!!!!!!,,Emjay
perfect poggies tenshi,,thedylone
Congrats! Keep up the great work! ðŸ¦,,Tom_Gar
ï¼‘ï¼ï¼ä¸‡äººãŠã‚ã§ã¨ã†ã”ã–ã„ã¾ã™ã‹ãªãŸã‚“!!!!!ç§é”ã¯æ„›ã—ã¦ã‚‹!!!!!!!!!,,yeyofg
Best Tenshi! Do your best and be happy!,,
"Congratulations on 1 million Hey-min, Kanata! I bet Coco is proud of you!",,Sun
ã‚ãªãŸãŒã™ã§ã«100ä¸‡äººã«é”ã—ãŸãªã‚“ã¦ä¿¡ã˜ã‚‰ã‚Œã¾ã›ã‚“!!!!!ç§ãŸã¡å…¨å“¡ãŒã‚ãªãŸã®ã“ã¨ã‚’æ°—ã«ã‹ã‘ã¦ã„ã‚‹ã®ã§ã€è‰¯ã„ä»•äº‹ã‚’ç¶šã‘ã¦ãã ã•ã„ã€ãã—ã¦ã‚ãªãŸã¯ã„ã¤ã§ã‚‚ä¼‘æ†©ã«è¡Œãã“ã¨ãŒã§ãã¾ã™!!!!lets get through this pandemic together!!!:^),,En kaigai niki:^)
You are the best ! <3,,Arksha
Thank you best gorilla,,
"Congratulations on 1,000,000! I hope the fun continues for many more years to come!",,Bubuon
"Thank you for always making such fun streams, you also have such an amazing singing voice and Soran Bushi has become one of my favorite songs thanks to you. Congratulations PPT you're truly amazing.",,Doug
GOOD JOB KANATA! WE ARE PROUD OF YOU!,,nara
"Love you, Perfect Partner Tenshi!",,Kiryu-chan Enjoyer
You Deserve This,,Dan
ç™»éŒ²è€…100äººçªç ´ä¸‡ãŠã‚ã§ã¨ã†!!!! Best angel!!! ,,Grawe
"ã‹ãªãŸã‚“ã€ãŠã‚ã§ã¨ã†ã”ã•ã„ã¾ã™ï¼ï¼
I really like your stream!! 
ã“ã‚Œã‹ã‚‰ã‚‚é ‘å¼µã£ã¦ãã ã•ã„ï¼ï¼",,ãƒŸãƒ«
"ðŸŽ‰ðŸŽŠðŸŽ‰ðŸŽŠðŸŽ‰ðŸŽŠðŸŽ‰ðŸŽŠðŸŽ‰ðŸŽŠðŸŽ‰ðŸŽŠðŸŽ‰ðŸŽŠðŸŽ‰ðŸŽŠðŸŽ‰ðŸŽŠ
Congratulations for One Million subscribers!!!!  
I am very happy and proud 
of our favorite Holo-angel!!!!!
Let's all wish for one million more!!!!! 
Thank you for always making me happy!!!!!
Work very hard and eat your vegetables!!!!!
ðŸŽ‰ðŸŽŠðŸŽ‰ðŸŽŠðŸŽ‰ðŸŽŠðŸŽ‰ðŸŽŠðŸŽ‰ðŸŽŠðŸŽ‰ðŸŽŠðŸŽ‰ðŸŽŠðŸŽ‰ðŸŽŠðŸŽ‰ðŸŽŠ",,William Q.
ãŠã‚ã§ã¨ã†ã‹ãªãŸã‚“ï¼,,UsagiDubu_
"Thank you Kanata, your streams make me very very happy every day!",,Meerot
Kanata! Ganbare and Omedetto!!! Congratulations on 1million subscribers!!!,,Nati
"ã‹ãªãŸã‚“ç™»éŒ²è€…100ä¸‡ãŠã‚ã§ã¨ã†ã”ã–ã„ã¾ã™ï¼
ã™ã¿ã¾ã›ã‚“ã€æ—¥æœ¬èªžãŒã¡ã‚‡ã†ã©ä¸‹æ‰‹ã§ã™ãŒã€‚
ã‚½ãƒ¼ãƒ©ãƒ³ã‚½ãƒ¼ãƒ©ãƒ³ï¼",,William (ã‚¦ã‚£ãƒªã‚¢ãƒ )
ãŠã‚ã§ã¨ã†ã‹ãªãŸã‚“ï¼Fly high to the future!!,,Adidi
"Hi Kanata, and congratulations on 1 Million subscribers! You're the first hololive member I ever watched, and I've been having the time of my life. PPTã‚´ãƒªãƒ©æœ€é«˜ï¼ãŠã‚ã§ã¨ã†ï¼ï¼ï¼ï¼ï¼",,Starburst
"Congratulations on 100M, Kanatan!!!
Thank you for everything!! I will continue to support you!",,Fire_Rider
"I love Kanata, cute and good singer. 50 kg grip is scary! Congratulations Kanata. Will wait for 2 million sub! ",,Stuffy
Congratulations! Kanata my favorite!,,Brawl
Thanks for all the smiles you've brought to our faces (É”â—”â€¿â—”)É” â™¥,,Psychomaniac14
Thanks for everything Kanatan! Congratulations on 1 million! ,,
Congrats on 1M subscribers Kanatan ! You're a hard worker and your voice is beautiful. You deserve it ! <3 <3 <3,,KabajSAH
"Congratulations, Perpetually Persevering Tenshi! You've done incredible so far! ãŠã‚ã§ã¨ã†ã€Perpetually Persevering Tenshi! ã“ã“ã¾ã§ã®æ´»èºã¯ç´ æ™´ã‚‰ã—ã„ã§ã™ã­ã€‚",,GTU875
Congratulations for 1 million subscribers! Thank you for your entertaining streams! PPTenshi best tenshi!,,Kizuri-Aru
Thank you Kanata for your hard work. You are always so kind and helped us fans during difficult times.,,
"Hello Kanata!
Thank you for being an inspiration for everyone who watches you! With someone that talented, a million subs were just a matter of time. 
I hope you have a wonderful day and enjoy your time with those who love you.",,Kartoffel
ðŸ™ DEDENNE ðŸ™ !! Congratulations to the hard working Pure Perserverance Tenshi !!!,,GTP
congrats 1M kanata!! you have been an MVP last month with all the content you provided us to stop being depressed for coco's graduation. Let's GO 2 MIL!!!!!!,,jimvi
Congratulations on getting 1 million subscribers Kanatan! ï¼‘ï¼ï¼ä¸‡äººãŠã‚ã§ã¨ã†!!!,,Wenska
"Thank you for always being so hard working and considerate. June was a pretty hard month for everyone and you made it a lot more bearable, making more people realize how amazing you are.
I love your dedication and how you don't give up no matter what. I'm proud of how far you've come, you deserve all the love and respect in the world.
Keep being great Kanatan. 100ä¸‡äººãŠã‚ã§ã¨ã†ï¼ï¼ï¼",,Rubydrag
ã‚¢ãƒ¡ãƒªã‚«ã‹ã‚‰ãŠã‚ã§ã¨ã†ã‹ãªãŸã‚“ï¼å›ã¯ãã£ã¨ã‚‚ã£ã¨æœ‰åã«ãªã‚‹ï¼ã‚€ã­ã¨é•ã£ã¦ã€‚,,Acxelion
"Kanata thank you for for the great moments you have given us. ã©ã‚“ãªã«è¾›ã„æ™‚ã§ã‚‚ã€ã‚ãªãŸã¯ç§ãŸã¡ã‚’æ…°ã‚ã¦ãã‚Œã¾ã—ãŸã€‚Go forth pp tenshi.
",,Harrison
"ã‚´ãƒªãƒ©æ§˜ã¸

ç™¾ä¸‡äººã®ã‚µãƒƒãƒ–ã§ãŠã‚ã§ã¨ã†ã”ã–ã„ã¾ã™!!!!!!!!!!!
PPTã®å‹•ç”»ã¨ã‹æ­Œã¨ã‹å¤§å¥½ãã§ã™!!!!!!!!!!!!!!
ã„ã¤ã¾ã§ã‚‚ã¸ã„ã¿ã‚“ã§ã™ã‚ˆ!!!!!!!!!!!! (ã‹ãªãŸã—ã‹ã®æŽ¨ã—ã¯ã‚ã‚Šã¾ã›ã‚“)
ãŠå…ƒæ°—ã§!!!!!!!!!!!!!!",,
Thank you for being a kind and strong angel!,,mic otaku
Congratulations Kanata! Thank you for showing the kaigai niki so much love!,,Mountain Man
"Thank you, Kanata! Your singing and streams are amazing and make me so, so happy! ",,Jen
Congrats on 1 million Kanata! Hope your grip strength increases more in the future!,,Cytus
CONGRATULATION FOR 1MILLION SUBSCRIBERS KANATAAAAAAAAAAAAAAAAAAAAAAAAAAAAAAAAAAAAAAAAAAAAAAAAAAAAAAAA,,ChillTenshi
1M Congrantz! PPT!,,AMIUL
"Kanatan, congratulations!  You worked so hard.  I am happy I met you.  2,000,000 IKZ!",,TB
"Hi Kanata! Although I can't understand what you're saying, I still love watching your streams and listening to your singing! I hope you can keep up the good work and keep making us smile! Happy 1 million!!",https://drive.google.com/uc?id=1sT6fBLnd7ecCM3Ip7jktohHJhACSzHwk,
"Thank you for giving me such joy and happiness, you are amazing",,Hope
"ã“ã‚“ã«ã¡ã¯ã‹ãªãŸã•ã‚“, ã‚­ãƒƒãƒ—ã§ã™ã€ãƒ‹ãƒ¥ãƒ¼ã‚¸ã‚¤ãƒ©ãƒ³ãƒ‰ã‹ã‚‰æ¥ã¾ã—ãŸã€‚I know its been a tough time recently but your amazing hard work and gorilla strength heart is truly an inspiration. I'm looking forward to seeing you grow and know you will have even more success!!!!! ç´ æ™´ã‚‰ã—ã„ã¦ã‚“ã—ã§ã™ ã‚ã‚ŠãŒã¨ã†ã”ã–ã„ã¾ã—ãŸâ€¼ï¸ ãŠã‚ã§ã¨ã†ã”ã–ã„ã¾ã—ãŸâ€¼ï¸ we're all here with you <3",,Kip Watson
"Kanata, happy birthday! I admire you so much, your determination and drive really inspires me to look up to you as a true idol. I hope you enjoy your special day, and I'll keep supporting you all the way! æœ¬å½“ã«ãŠã‚ã§ã¨ã†ï¼ï¼",,Mudkip
Kanatan! Happy Birthday! Keep on creating contents that you enjoy and love! We love you! ,,Nekomusume 
"Reject 3D, Become Gorilla. Congratulations on 1 million! You earned all the success you've achieved!",,
Kanata! Congratulations on 100ä¸‡ subscribers!!!!!! We love you <3,,Ricky 
"The first time I know Amane Kanata is from your cover ""Uma to shika"". When i listened to that song, I'm speechless for how powerful your voice is. From that on, I always enjoy you video and you song together. Thank you for brought joy to my life",https://drive.google.com/uc?id=14OwHTu35iH0chYNRHMaPkWga626zsHxo,Blackz
"ãŠã¯ã‚ˆã†!!!!! Thank you for everything, Kanata. Kaigai-niki love you! ",,Dylan
"Kanata, your spirit and willpower inspires me. Please keep on being your usual adorable self. ç™¾ä¸‡äººãŠã‚ã§ã¨ã†ï¼",,Gogovachi
"Hi PPT!
Huuuuuuge congratulations on 1M!!! Amazing!!",,Some Danish guy
Congratulation! I still remember when you sang Soran on your debut stream! ,,Tomango
"
Congrats Kanatan!",,ZFC
ãŠã‚ã§ã¨ã†ï¼,,ã‚¶ãƒ»ãƒ¯ãƒ¼ãƒ«ãƒ‰
"Happy 1M, Kanata! 
Congratulations, you got that milestone! I am glad that you really got this since in the beginning. Looking forward to your future works! Keep up the good work!",https://drive.google.com/uc?id=1XGTl4Z_tC6uWyCAi9DHnKH761bAXhzf2,Jani
Congratulations Kanata! Thank you for making our days!,,Zephyr
ï¼«ï¼¡ï¼¢ï¼¡ï¼¹ï¼¡å¤§å¥½ã!,,èŸ¹é‹
"Thank you for your kindness. You do your best to make everyone happy. You're amazing, Kanata, and I'm so happy that you are with us.",,NurseT (çœ‹è­·å£«T)
Congratulations Kanatan! This is the result of your talents and hard work! Please know you are loved so much. Greetings from Italy!,,Alyssa
Congratulations PPT! Love every single one of your songs and streams. Onwards to 2M!,,Mike
Congratulations Kanatan. Thank you for being a sweet angel. We hope that you enjoy this day and continue making memories. We will always continue to support you.,,pohjko-
"Congratulations, Kanata ðŸ¥³ Iâ€™m so proud of you for reaching one million subscribers. Keep up the fantastic work!
ãŠã‚ã§ã¨ã†ðŸŽ‰ ã‚ˆããŒã‚“ã°ã£ã¦ã­ï¼( ^Ï‰^ )",,Bryn/ãƒ–ãƒªãƒ³
Congrats Gorilla,,
Congrats on 1mil subscribers!,,Jack
"Kanata, you are a huge inspiration to me. Your singing inspired me to improve my singing and keep and practicing. You have an strong heart but you are really kind. KEEP BEING THE BEST - GORITENSHI OR PPT FOREVERRRRRRRR.",,Suzuki Zuriko
Thank you Kanata for being my introduction into Hololive. PPT! (powerful perfect tenshi),,Emilia
ãŠã‚ã¦ã©ãŠã‹ãªãŸã•ã‚“ï¼ï¼ï¼ Keep doing great things in the future and never stop looking forward!,,Volter43
Congratulation Kanata for reaching 1 million subscribers. I knew you could do it since the first day you debuted. It's weird that even though I never understand you however it doesn't stop be to support you. Gambatte Kanata and hope we will be together now and forever.,,Vincent - Lurker
Congratulations PPT!,,Naryl Endless
Congratulations! Next is 10M!,,Coby
"Love you, Kanata!",,Martin
Congratulations on hitting 1 million subscribers!!! We are very very proud of you!!!,,Kolock
Omedetou Kanatan! Thank you for being you!,,Glass
Thank you for being you! The strongest angel with the strongest heart ðŸ’ªðŸ’“,,Yanis
Congrats on 1 Million Subscribers!!! Thank you for providing us entertainment and comfort when we needed it!!! We love you and we will always appreciate your hardwork!!!,,Erectusss
"Kanata, congratulations on your first million subscribers.
You have been an inspiration to give my best even in the hardest times because you showed me that you can succeed if you keep at it.
I can't wait to see where you'll get.
ãŽã‚…ãŽã‚…",,Jazzinghen
Kanata thank you for your hard work! You're definitely a Kanata Maji Tenshi(KMT).,,Marios
"You've worked so hard to get here, do not let others say otherwise.",,L2X
"Congrats for 1,000,000 subscribers! Your videos always make me smile during covid and quarantine. I hope you are doing well, thank you PPTenshi!",,Krots
Thank you for all the streams Kanata!!!!,,Offai
"Thank you for carrying our backs and cheering us up through the last few weeks, Kanata. Congrats on 1M Subs!!",,Skurge
omedetou Kanata! Pretty Popular Tenshi,,Pekorade
"You are awesome Kanata! When I feel bad, your music and streams cheer me up. You are very kind, truly an angel. I look forward to supporting you more!",,CornontheRob
"Congratulations on hitting 1 million subscribers Kanata! 
Thank you for all the effort you put into this community and thank you for putting a smile on everyone's faces! 
We will continue to support you all the way!",,
I love you Kanatan!! Good job!,,
ãŠã‚ã§ã¨ã† Kanata! You worked hard to get 1 million subscribers and we are proud of you! ,,Andrew Rod
"Congratulations amane kanata, hope someday we can sing together",,League of Penguins
"Before I found you, I was unhappy. Dealing with the lost of a family member. I accidently found you. You were a funny person, talented singer, and a cutie! I wanted to see more of you. You introduced me to Hololive. All Hololive members brings me joy, but you were the one who showed it to me. You always make me laugh and inspire me to be better. You helped me so much! Thank you for everything Kanata! I hope to watch you sing on stage one day! Congratulation on 1 Million! ",,Bryan Botta
"Congratulations on one million to my favorite singer! Here's to another million, Kanata! :)",,Joseph Kichline
"Congratulations on reaching 1 million subscribers!
Thank you for always caring for us (é ã‹ã‚‹) the best you can, your streams bring so much happines to our lifes!
You are my role model(ãƒ­ãƒ¼ãƒ«ãƒ¢ãƒ‡ãƒ«) or idol if you like it more. I want to be as persistent(ç²˜ã‚Šå¼·ã„) and cheerful(é™½æ°—) as you.
Also remember to take care of yourself [ä¼‘ã‚€ãã ã•ã„!]. If you are well(å…ƒæ°—), we are happy.
Please do NOT feel inferior(åŠ£æ‚ª) to anyone, it makes us very sad.
You are a great person! Let's reach 2 million soon!",https://drive.google.com/uc?id=1GRkCBnk0gNkz0S9XUWKcX0nWDxceDjAG,Tewis
"ã‹ãªãŸã€ãŠã‚ã§ã¨ã†!!!
ã‹ãªãŸã¯ã¨ã¦ã‚‚å¼·ã„ã¦ã‚“ã—ã—ã€å„ªã—ã„ã¨æ€ã†ï¼ï¼ï¼ðŸ˜ŒðŸ˜ŠðŸ’›ðŸ’›",,ãƒã‚±ãƒ³
ã‚¯ã‚½æ—¥æœ¬glish here. è¨€ã„ãŸã„ã“ã¨ãŒã‚ã‚ŠéŽãŽã¦ã€æ–‡å­—æ•°ãœã‚“ãœã‚“è¶³ã‚Šã¦ãªã¾ã›ã‚“ã€‚ã€Œã‚ã‚ŠãŒã¨ã†ã€ã€‚ã¨ã«ã‹ãã‚ã‚ŠãŒã¨ã†ã€‚ï¼–æœˆã«ä¸€ç·’ã«ã„ã¦ãã‚Œã¦ã‚ã‚ŠãŒã¨ã†ã€‚åŽ»å¹´ã‹ã‚‰ä»Šã¾ã§ã§ã‚ã‚ŠãŒã¨ã†ã€‚ã“ã‚Œã‹ã‚‰ã®æ´»å‹•ã‚’ã©ã‚“ã©ã‚“æˆåŠŸã™ã‚‹ã‚ˆã†ã«ã¨ç¥ˆã£ã¦ã¾ã™ã€‚è‡ªåˆ†ã‚‚ã€ãšã‚‹ãšã‚‹ã¨ã—ãªãŒã‚‰ç”Ÿãã¦è¡Œãã¾ã™ã€‚,,ã®ã£ã¨Heimin
You're great,https://drive.google.com/uc?id=1elEaqSQOZruyuBqroD2glhQyiYnKFFym,Puratinamu
"Kanatan I'd like to thank you for being such a ray of sunshine for me and many, for lifting millions of people in their struggles. You truly are an idol in the truest sense, please keep fulfilling what's meaningful to you and keep doing what you're doing, you're doing God's work :).",,Jacob
"Congratulations on reaching 1Million subscribers Kanata! I am glad to see my oshi grow so much! You always inspire and motivate me with your many talents, thank you for helping me push forward to do my best all the time! I love you Kanata! I hope you keep going further and never give up!",,SenseiSam
1M ãŠã‚ã§ã¨ã†!!!!!!,,askterix_
Thank you for taking care of Kiryuu-kai when we needed it most.  We will never for get this debt.  Please visit Reddit for a good laugh when you have time.,,OuterRem
"Congratulations on reaching 1 million subscribers Kanatan! Thank you for always being there for us, you are an inspiration to many and I'm proud to call you my oshi.",,Mantas
"Dear Kanata

Thank you for always trying hard to make your viewers smile and have fun. I hope that you remember to enjoy the success of your channel, the appreciation of your fans, and all the friends you've made in Hololive. Love from Europe !",,Markus Tanbeck
"ã‹ãªãŸã‚“ãŠã‚ã§ã¨ã†!!! Congrats on 1M!!! You are a real and beautiful angel. Thank you for your hard work, specially the last months. Things can be difficult sometimes, but we will support you like you supported us! We love you lots <3 ",,
"Congratulation on 1M!! 100ä¸‡äººãŠã‚ã§ã¨ã†!!
I fell down the rabbit hole by watching Kanata and Suisei first! ãƒ›ãƒ­ãƒ©ã‚¤ãƒ–ã«ã¯ã¯ã˜ã‚ã¦ã‹ãªãŸã¨ã™ã„ã›ã„ã‚’è¦‹ã¦ã¯ã¾ã‚Šã¾ã—ãŸ!
Thank you! ã‚ã‚ŠãŒã¨ã†ã”ã–ã„ã¾ã™!",https://drive.google.com/uc?id=1mFGHVgctQhTRPJ4ZBQmaFv3ZYrQNiH69,Yoki's ducks
"Hi Kanata, Omedetou in getting the 1 million subcribers. Thank you for everything you done for us in the harest times. May you shine on you angel.",https://drive.google.com/uc?id=1eukcsWaIgTF6_rFSHYHbpJoH_vnWGGRC,MARCo1220
Thank you for staying strong for us. You will always be my guardian angel ,,Loving kaigainiki <3
Congratulations on 1 million subs! Keep doing your best!,,Leo
Congrats on 1M Kanata!!!! <3 <3 <3,https://drive.google.com/uc?id=1Xxzsvn-zWqzJsPaexjbH6OjtAg6KMx51,Polonium
ãŠã‚ã§ã¨ã† for the 1 million subscribers Kanata. After almost 2 years of your hard work you finally reached the 1 million subs. You do many fun collabs with other talents that they made us happy plus your voice is actually beautiful and we were impressed that you can do a voice acting to the other video game characters. We hopefully your deaf ear will get better soon and don't push yourself too far Kanata. And anyways ãŠã‚ã§ã¨ã† for the 1 millions subs and hope you have a nice day.,,
Congrats on 1 Million!!!! You deserve all the good things that come your way Kanata!!,,Ayce
Congratulations Kanata! We love you!,,é‡
Congrats on getting 1m subscribers!,https://drive.google.com/uc?id=1OYl2U660RTXyt2kPC4HiyM5mRo9j0PYY,Soul_Meowl
"Kanata, congratulations on 1m subs! You deserve it, for all your hard work, effort and support, you were there during our hardest times, we are the ones who are supposed to support you, but you were the one who supported us when we needed it the most, thanks for everything you have done for us, for working so hard on the first original song from the 4th gen, for all the covers and songs you have sung for us, and for joining Hololive as our loved PPT! Thank you!",https://drive.google.com/uc?id=1nr3mAMLiZQdmb02wonz4xqvcfYYIgTF-,Frank Saucedo
"Congratulation/Bravo from France Kanata-tan ! You are the best and you have become my ray of sunshine in my life ! å›ãŒä¸€ç•ªã ã‚ˆã€‚
I love you and i support you from the back ! Take care and é ‘å¼µã‚Šã¾ã—ã‚‡ã†for all the rest !",https://drive.google.com/uc?id=1tIw9ZVhAH4kMHQoJKKEpnVRNs6UOJxH8,Thomas Deltaen_ C
